Northings,Eastings,Managed,Selective_cut,Shoots_dug,Clear_cut,Mix_bamboo,Mix_trees,Expansion,Other_bamboo,Forest,Conifer,Broadleaf,MixedForest,VegType,mean_temp,annual_rainfall,elevation,Tree_DBH,Culmheight_m,Basal_areaM2ha,ABG_biomassTha,CulmTha,LitterfallThayr,Dead_materialTha,ABG_C_stock,Cluster,SOC_Tha,SOC_10cm_px,pH,Soil_water_vv,N_px,BG_biomassTha,BGbiomassTCha,NPPtotal_Tha_yr,NPP_ABG_Tha_yr,NPP_BG_Tha_yr
34.9,135.6666667,1,1,1,1,1,1,1,1,1,1,1,1,1,15,1615,230,5.8365,18,98.98,217.2,194.8,6.6425,181.9355,97.4504,1,82.98,4.2255,5.3765,14.7644,0.3055,73.81493762,31.85108722,14.0945,8.89,7.569
34.9,135.6666667,2,2,1,1,1,1,1,1,1,1,1,1,1,15,1615,230,6.165,18.6,89.2,217.2,195.2,6.1475,210.871,97.4504,1,90.235,5.0755,5.3025,12.624,0.4195,60.7080266,35.30058291,12.072,9.1815,4.609
34.9,135.6666667,2,2,1,1,1,1,1,1,1,1,1,1,1,15,1615,230,5.4775,18.5,87.635,219.8,197.4,6.1855,203.8125,98.61693333,1,97.995,6.155,5.368,14.2048,0.3385,70.40234488,31.74637663,12.3955,8.7215,5.6035
34.9,135.6666667,2,2,1,1,1,1,1,1,1,1,1,1,1,15,1615,230,6.2665,17.4,82.606,224.3,201.4,5.817,168.1885,100.6359333,1,89.47,4.2275,5.1385,11.5825,0.283,62.98990403,27.92198538,14.4865,8.376,5.455
33.8,130.55,1,1,1,2,1,1,1,1,1,1,1,1,1,19.09,1556.5,71,6.038,14.2,63.6265,151.1,119.7865,4.3045,92.6365,67.79353333,1,71.595,4.401,5.3685,12.2278,0.349,60.4280266,31.32201225,13.8095,8.695,7.038
33.8,130.55,1,1,1,2,1,1,1,1,1,1,1,1,1,19.09,1556.5,71,5.902,15.9,81.425,138.8,119.4380443,3.9455,119.7525,62.27493333,1,72.965,4.5555,5.422,13.6893,0.31,60.26009274,29.33214222,13.711,9.0605,7.4895
33.8,130.55,1,1,1,2,1,1,1,1,1,1,1,1,1,19.09,1556.5,71,5.87,17,83.96,233.1,170.4651123,4.535,193.1555,104.5842,1,86.305,4.729,5.3335,14.34,0.371,66.71946881,25.48341597,13.096,8.759,7.847
33.8,130.55,1,1,1,1,1,1,1,2,1,1,1,1,1,19.09,1556.5,71,6.154,12,26.756,63.1,48.0485,4.2165,33.39,28.31086667,1,96.355,5.0735,5.4705,19.885,0.334,52.58412258,32.22980125,11.732,6.424,7.7865
33.8,130.55,1,1,1,1,1,1,1,2,1,1,1,1,1,19.09,1556.5,71,5.894,13.2,77.25,210.5,143.0471361,4.0125,137.3045,94.44433333,1,85.85,4.756,5.3715,23.8977,0.2685,71.79015429,39.60620628,11.8625,9.169,7.12
34.9,135.7666667,1,1,1,1,1,1,1,1,1,1,1,1,1,15.3,1459,270,1.97,14.340386,88.3,189.4502229,163.9308855,6.1035,143.277,85,1,103.95,3.34,5.1245,10.9408,0.22,129.8662258,54,16.38,9.3245,7.1385
34.9,135.7666667,1,1,1,1,1,2,2,1,1,1,1,1,1,15.3,1459,270,5.88,13.2665395,46.1,185.884101,152.4838013,5.7105,104.816,83.4,1,97.89,3.44,5.27,6.8051,0.16,108.2218548,45,16.5445,8.782,6.739
34.9,135.7666667,1,1,1,1,1,2,2,1,1,1,1,1,1,15.3,1459,270,7.28,13.869422,76.1,227.7860327,191.5766739,5.318,170.578,102.2,1,121.96,3.25,5.387,15.3791,0.18,127.4612957,53,16.2,8.4505,7.5465
35.43333333,136.8,1,1,1,1,2,2,2,1,1,1,1,1,1,16.8,1759.1,10,6.033,10.8688465,36.23,82.1,64.7,4.7,9.88,39.7,1,61.3,6.756,5.3585,12.0279,0.363,72.9,45.4,12.3185,7.0875,7.5965
35.68333333,136.4666667,1,1,1,1,2,2,2,1,1,1,1,1,1,13.06,3462.5,330,5.5915,10.3,16.6,42.1,35.1,10.5,21.7,20.5,3,113.8,4.206,5.3545,15.2159,0.23,87.9,44.7,14.3865,5.66,7.19
35.46666667,136.75,2,2,1,1,1,1,2,1,1,1,1,1,1,16.8,1759.13,70,5.5845,11.415,17.11,46.7,36.9,2.8,5.96,22.6,1,84.3,5.6495,5.2135,8.8342,0.313,78.2,34.1,11.732,6.453,5.2155
32.81666667,130.7833333,1,1,1,1,2,2,2,1,1,1,1,1,1,16.6,1600,133,6.1045,13.472693,47.3775,107.129728,90.75192441,4.755,77.1145,47.078613,1,78.735,5.1845,5.293,9.8662,0.302,49.23906478,25.94691441,12.226,8.1735,7.314
33.63333333,130.55,1,1,1,1,1,1,1,1,1,1,1,1,1,17.3,1640,190,5.831,14.7592255,105.2,163.6790943,121.321568,4.421,165.263,73.71857133,1,75.055,4.158,5.347,16.7396,0.3825,43.67340403,24.75113756,14.071,8.8475,7.376
33.63333333,130.55,1,1,1,1,1,1,1,1,1,1,1,1,1,17.3,1640,50,5.555,14.27,38.4,92.9549101,77.842,4.104,56.86,42.755976,1,62.75,4.6,5.36,9.1901,0.3455,61.45796881,22.25816663,13.313,7.898,6.84
33.63333333,130.55,1,1,1,1,1,1,1,1,1,1,1,1,1,17.3,1662,200,6.5815,13.92,1.05,74.47844799,63.575,4.5155,60.444,33.78902333,1,75.13,3.8355,5.455,10.7074,0.4025,60.61087607,21.98863534,15.4625,6.5745,7.3975
33.63333333,130.55,1,2,1,1,1,1,1,1,1,1,1,1,1,17.3,1662,200,6.3205,13.2788465,1.02,76.28023774,53.0325,4.1145,50.222,41.85041433,1,49.07,5.457,5.2595,15,0.342,32.161,21.8463485,12.424,6.435,4.6875
33.63333333,130.55,2,2,1,1,1,1,1,1,1,1,1,1,1,17.3,1662,200,6.42,12.98,0.62,69.860237,61.17619006,4.42,35.869,39.124474,1,70.02,3.9855,5.2695,10.3655,0.279,59.76796881,29.93177909,13.522,5.9545,4.5555
33.63333333,130.55,2,2,1,1,1,1,1,1,1,1,1,1,1,17.3,1662,200,5.859,13.475379,0.55,57.60257801,65.78,4.6965,39.775,37.42631267,1,80.62,5.39,5.4265,7.0712,0.329,55.86568548,28.254455,12.5105,6.5995,4.8935
35.48333333,133.0833333,1,1,1,1,1,1,1,1,1,1,1,1,1,14.9,1825,30,6.8,9.5,46.4,87.8,71.4,6.64,55.757,42.70576133,1,61.535,5.356,4.7,15.815,0.3275,63.22746881,32.49687663,12.4325,8.425,7.808
35.48333333,133.0833333,1,1,1,1,1,1,1,2,1,1,1,1,1,14.9,1825,30,8.5,10.8,31.7,58.2,50.9,7.08,49.697,30.014176,1,73.005,4.371,5.5,17.312,0.3315,39.06487607,23.45616013,13.6635,6.5015,7.0935
34.73333333,135.8333333,2,1,1,1,1,2,1,2,1,1,1,1,1,14.5,1438,30,5.4955,14,63.8025,135.8,93.7,4.9,132.9315,55.84778267,1,95.595,6.3125,5.486,22.714,0.2835,61.22668736,31.49087663,12.195,8.211,8.0445
34.93333333,135.7666667,2,2,1,1,1,1,1,1,1,1,1,1,1,15.3,1581,65,5.66,15.702693,71.2,137.9,116.5,7.16,143.009,78.6,1,101.2,5.556,5.434,14.3458,0.3825,44.6,18.67,12.55,8.15,4.4
33.63333333,130.5166667,1,1,1,1,1,1,1,1,1,1,1,1,1,15.9,1833,242,6.1285,16.3242255,86.5,222.6,165.2581782,5.7155,203.4605,101.1715745,1,103.06,4.0965,5.2275,14.7171,0.2485,66.35249677,28.91276663,14.189,9.136,7.988
33.63333333,130.5166667,2,1,2,1,1,1,1,1,1,1,1,1,1,15.9,1833,242,5.979,14.11,76.4,181,133.4156587,5.303,135.657,77.87224167,1,64.76,5.127,5.327,13.3613,0.3315,40.09262258,27.14031256,11.6295,9.067,7.2255
33.63333333,130.5166667,1,1,1,1,1,1,1,2,1,1,1,1,1,15.9,1833,242,5.503,11.14,21.5,34.4,51.96919006,5.643,24.927,29.521302,1,76.95,4.391,5.508,15.0633,0.287,65.67249677,25.36249978,12.7145,6.096,7.2275
33.63333333,130.5166667,2,1,2,1,1,1,1,2,1,1,1,1,1,15.9,1833,242,5.8685,10.175,18.8,29.6,58.07,5.445,22.71,31.247622,1,67.115,5.282,5.3305,14.6946,0.3605,52.27059274,33.64758188,11.7805,6.07,7.3365
34.25,134.0333333,1,1,1,1,1,1,1,1,1,1,1,1,1,16.7,1150,150,4.825,14.6942255,71.662,187.667162,161.5957797,3.49,177.1765,84.2,1,113.42,4.188,5.2185,14.855,0.355,59.21828709,33.25899784,14.8795,8.805,7.663
34.25,134.0333333,2,1,1,1,1,2,2,1,1,1,1,1,1,16.7,1150,150,5.985,13.915,74.9935,205.7206538,154.0667797,3.98,168.3835,92.3,1,99.875,4.385,5.5215,13.4236,0.288,62.24212957,34.10157941,13.389,9.0195,7.514
31.96666667,130.4333333,1,1,1,1,1,1,1,1,1,1,1,1,1,19.2,2435,125,5.3685,17,69.5,121.89,108.8,4.9325,119.83,54.68798,3,69.275,5.1625,5.4455,14.7219,0.317,58.84215752,32.03592256,12.0545,9.0555,7.4945
31.96666667,130.4333333,1,1,1,1,1,1,1,1,1,1,1,1,1,19.2,2435,125,6.754,17.5,67.4,121.06,104.54,4.911,120.76,54.31558667,3,74.88,6.7745,5.316,9.9999,0.325,48.11706478,28.29447878,11.805,9.1335,7.4035
31.78333333,130.5333333,1,1,1,1,1,1,1,1,1,1,1,1,1,19.2,2435,320,5.612,17.9,83,146.64,129.63,5.605,138.38,65.79248,3,82.22,3.9585,5.1955,22.909,0.381,55.83296881,29.78767034,15.1145,8.444,8.1975
31.38333333,130.45,1,1,1,1,1,1,1,1,1,1,1,1,1,19.2,2435,130,6.038,13.5,45.7,82.82,70.53,4.761,70.68,37.15857333,3,57.745,5.01,5.4085,17.7024,0.295,58.39025026,33.41237003,12.2405,7.956,7.0085
31.96666667,130.4333333,1,1,1,1,1,1,1,1,1,1,1,1,1,19.2,2435,125,5.901,16.3,59.1,88.23,72.27,4.903,87.26,39.58586,3,82.825,4.342,5.2415,15.1355,0.288,53.53756478,24.74990691,14.497,7.9145,8.027
31.78333333,130.5333333,1,1,1,1,1,1,1,1,1,1,1,1,1,19.2,2435,80,5.8335,18.1,76.8,119.99,101.28,5.1765,104.82,53.83551333,3,75.52,5.123,5.361,13.9469,0.3325,51.78406478,31.23363666,11.217,8.5975,6.838
31.96666667,130.4333333,1,1,1,1,1,1,1,1,1,1,1,1,1,16.6,2662.7,125,5.656,16.3,59.1,88.23,72.27,5.4855,87.26,39.58586,3,105.62,4.9285,5.3685,10.9569,0.329,68.57025026,31.12566128,12.365,8.0055,7.5915
31.78333333,130.5333333,1,1,1,1,1,1,1,1,1,1,1,1,1,17,2200,80,6.3885,18.1,76.8,119.99,101.28,5.1515,104.82,53.83551333,3,84.085,5.604,5.4045,13.9348,0.3185,50.59090403,32.32545294,12.389,8.964,7.3445
33.2,130.6,1,1,1,1,1,1,2,1,1,1,1,1,1,15,2108,43.9,5.1765,12.5701895,49.207,96.418789,90.809,6.4145,81.1665,53.84814867,3,80.425,4.183,5.163,9.9895,0.3245,43.81606478,24.02416909,14.1825,8.2255,6.9545
33.2,130.6,1,1,1,1,1,1,2,1,1,1,1,1,1,15,2108,43.9,6.4955,13.28,56.835,108.5457221,91.1487581,6.0215,94.1745,53.59691467,3,78.605,7.3975,5.38,14.4472,0.411,60.94412258,29.42942688,12.4225,8.5015,7.3085
33.2,130.6,1,1,1,1,1,1,2,1,1,1,1,1,1,15,2108,43.9,6.523,13.445,50.2375,115.3987162,80.5045,5.8395,113.4405,56.12866833,3,86.22,6.517,5.6895,18.3709,0.332,60.51715752,31.62391688,11.803,8.484,7.3015
33.61666667,130.5333333,1,1,1,1,1,1,2,1,1,1,1,1,1,16.6,1632,115.2,5.947,14.2488465,56.426,124.2217548,96.6,3.971,97.2065,55.12392833,1,78.19,6.3725,5.1995,13.9681,0.35,51.73369435,34.39993594,11.581,8.444,8.09
33.61666667,130.5333333,1,1,1,1,1,1,2,1,1,1,1,1,1,16.6,1632,115.2,6.5745,13.799036,57.1005,130.31678,95.53988013,4.316,97.445,56.37120567,1,76.92,3.966,5.3,18.8632,0.384,52.36012258,24.03077353,15.5615,8.9845,7.768
33.61666667,130.5333333,1,1,1,1,1,1,2,1,1,1,1,1,1,16.6,1632,115.2,5.9385,13.7528825,53.5345,114.2722823,91.62933369,4.176,74.702,48.91973967,1,82.46,5.051,5.168,16.5313,0.2775,53.71237607,31.05402131,12.157,7.91,7.3855
35.58333333,139.5,1,1,1,1,1,1,2,1,1,1,1,1,1,16.6,1600,43.2,6.3515,13.122693,56.9485,117.6631143,99.74742225,4.324,90.9795,60.54098046,1,112.73,4.571,5.2595,10.3857,0.3415,59.29665752,21.78342441,13.257,8.515,7.628
35.58333333,139.5,1,1,1,1,1,1,2,1,1,1,1,1,1,16.6,1600,43.2,5.632,13.48,36.9,77.1365,71.2265,3.866,59.243,46.550666,1,99.115,4.8815,5.2555,10.9303,0.391,43.55090403,27.7989585,13.078,7.088,7.371
35.58333333,139.5,1,1,1,1,1,2,2,1,1,1,2,1,2,16.6,1600,43.2,5.776,14.53,64.531,127.3107496,111.3448337,4.474,119.643,64.475498,1,125.665,5.485,5.534,13.202,0.3565,62.79696881,26.53991791,12.647,8.559,7.6755
33.95,132.1,1,1,1,1,1,1,1,1,1,1,1,1,1,15.8,1712.4,45.6,6.2905,16.604415,86.555,188.5,159.7,5.591,158.0425,90.85005612,1,90.215,7.655,5.474,13.5483,0.3815,42.30068736,28.55972409,12.537,8.835,7.4825
34.06666667,131.7666667,1,1,1,1,1,1,1,1,1,1,1,1,1,14.6,1686,0,6.208,17.3551895,87.905,212.8,187.5,4.9835,164.9325,98.84237779,1,95.185,4.4325,5.4685,11.6027,0.377,53.85881129,33.67757941,13.179,8.8655,6.9255
34.23333333,131.1,1,1,1,1,1,1,1,1,1,1,1,1,1,14.6,1686,177.3,6.864,17.1488465,69.9095,117.2,102.3,6.403,92.9665,54.66267067,1,75.345,4.19,5.192,17.0102,0.308,57.01718736,30.00477909,14.1415,8.6125,6.8955
33.61666667,130.5333333,1,1,1,1,1,1,1,1,1,1,1,1,1,15.9,1833,280,6.752,11.51,28.227,63.07578009,53.18919006,5.9775,18.3,28.3,1,37.2,3.9415,5.33,0.264,0.291,25.4,10.5616375,15.379,5.8045,6.6935
33.61666667,130.5333333,1,1,1,1,1,1,1,1,1,1,1,1,1,15.9,1833,230,6.3575,13.212693,49.396,115.8989599,86.1655,5.44,24.7,52,1,50.2,3.832,5.33,0.264,0.355,14.5,6.02928125,15.45,7.96,7.5
33.61666667,130.5333333,1,1,1,1,1,1,1,1,1,1,1,1,1,15.9,1833,180,7.015,13.9788465,57.86,176.5230312,124.1741803,5.4365,27.2,79.2,1,46.9,4.7395,5.33,0.264,0.324,20.8,8.6489,12.436,8.353,7.1205
33.61666667,130.5333333,1,1,1,1,1,1,1,1,1,1,1,1,1,15.9,1833,185,5.1085,12.3,69.52,166.2,110.9103337,5.95,102.944,77.661263,1,88.135,3.48,5.49,30.8,0.27,30.91,22.57949888,17.22,10.25,6.97
33.61666667,130.5333333,1,1,1,1,1,1,1,1,1,1,1,1,1,15.9,1833,212,6.77,12.3,43.5415,122.8,80.5265,6.53,91.691,54.15408633,1,64.645,3.85,5.79,31.7,0.31,25.22,22.43738784,14.46,7.79,6.67
33.61666667,130.5333333,1,1,1,1,1,1,1,1,1,1,1,1,1,15.9,1833,232,5.8625,12.5,51.5685,109,102.8175918,5.66,54.737,50.052778,1,53.985,3.73,5.17,24.8,0.31,19.52,21.03116909,18.29,9.59,8.7
33.61666667,130.5333333,1,1,1,1,1,1,1,1,1,1,1,1,1,15.9,1833,238,7.108,10.2,36.7825,78.3,69.03119006,4.35,41.242,44.55663633,1,51.425,4.49,5.09,20,0.37,20.59,17.29801978,13.02,7.24,5.78
33.61666667,130.5333333,1,1,1,1,1,1,1,1,1,1,1,1,1,15.9,1833,264,6.838,8.6,21.861,59.4,59.12354428,4.73,39.601,33.35965967,1,53.29,4.23,5.13,24.7,0.38,18.99,20.63718259,14.28,4.91,9.37
35.13333333,136.0666667,1,1,1,1,2,2,2,1,1,1,1,1,1,14.7,1570.9,271.7,6.639,14.1988465,61.945,147.3319755,124.9284017,5.75,90.926,65.47550833,1,101.355,4.0445,5.4095,13.1097,0.303,49.61665752,23.04995294,14.84,8.6675,7.461
35.2,140.2166667,2,1,1,1,1,1,2,1,1,1,1,1,1,14.9,1828,133,5.442,13.3251895,43.215,97.78203269,83.28819006,6.64,102.1245,56.43630833,1,122.005,6.0455,5.2275,16.2551,0.3535,47.57631129,28.4679585,12.3625,7.3175,7.5245
34.35,132.8666667,1,1,1,1,1,1,2,1,1,1,1,1,1,16.9,1570,170,5.507,13.7901895,50.595,114.9635632,98.61037797,5.018,119.202,53.25852267,1,95.005,4.7935,5.2485,18.496,0.3645,58.16765752,19.98589094,12.2875,8.5625,7.4825
35.55,136.0666667,1,1,1,1,2,1,2,1,1,1,1,1,1,15.6,1545,517,5.8225,14.8601895,57.2135,113.9015111,115.969568,5.9245,101.968,60.13595233,1,91.67,3.686,5.3115,16.9913,0.269,67.89834488,27.95019722,17.0885,8.735,7.231
34.9,135.6833333,1,1,1,1,2,1,2,1,1,1,1,1,1,14.5,1677,46,6.656,13.5238465,49.893,93.39757801,91.10923434,5.786,79.732,44.09361333,1,73.505,4.289,5.225,12.2518,0.372,62.21556478,26.75463316,14.361,8.3165,7.214
34.8,135.7666667,1,1,1,1,2,1,2,1,1,1,1,1,1,16.6,2348,80,6.2445,13.6238465,49.4265,89.344,75.85969006,4.765,113.875,49.475386,3,84.025,4.948,5.376,17.0349,0.31,39.09906478,28.73404697,12.169,8.3305,7.2955
35.23333333,136.3666667,1,1,1,1,2,1,2,1,1,1,1,1,1,14.5,1677,35,6.3055,14.2138465,52.9535,114.9892051,103.4107786,6.174,97.245,60.555445,1,90.675,4.781,5.3275,9.8003,0.296,54.35399677,28.03460731,12.7895,8.604,7.718
34.98333333,135.6666667,2,2,2,1,1,1,1,1,1,1,1,1,1,16.9,1552,143.5,5.7905,15.3,62.715,124.6806516,110.9287786,4.1525,99.737,59.73586246,1,105.12,4.3005,5.1785,11.1322,0.416,61.79006155,30.03712534,14.472,8.941,4.9245
34.98333333,135.6666667,1,1,1,1,1,1,1,1,1,1,1,1,1,15.9,1833,65.4,6.8985,17.459036,104.2,161.7,129.282878,5.3525,185.8835,72.5494,1,92.24,4.558,5.435,11.2595,0.299,45.579,27.35004663,14.829,9.012,7.5395
34.98333333,135.6666667,1,1,1,1,1,1,1,1,1,1,1,1,1,15.9,1833,65.4,6.3995,15.0501895,72.1,113,93.2395,5.378,103.0945,50.69933333,1,89.415,5.756,5.422,19.7115,0.371,44.13862258,20.99629569,11.2055,8.834,6.884
34.98333333,135.6666667,1,1,1,1,1,1,1,1,1,1,1,1,1,15.9,1833,65.4,5.317,17.4651895,86.1,139.6,123.596,5.3485,93.785,62.63386667,1,115.46,5.166,5.3175,16.5863,0.3465,51.87756478,34.41820628,11.896,8.753,7.4345
34.98333333,135.6666667,1,1,1,1,1,1,1,1,1,1,1,1,1,15.9,1833,65.4,5.435,16.585,97.9,118.3,110.8987343,4.951,109.3365,53.07726667,1,93.96,4.1875,5.2675,13.6531,0.2945,44.04394085,31.31620072,14.4205,8.646,7.441
34.98333333,135.6666667,1,1,1,1,1,1,1,1,1,1,1,1,1,15.9,1833,65.4,6.311,17.295,78.7,132.7,114.4563337,5.042,152.1495,59.53806667,1,117.555,4.7285,5.3495,16.1056,0.337,45.98459274,29.99472409,12.727,8.956,7.505
34.98333333,135.8,1,1,1,1,1,1,1,1,1,1,1,1,1,15.9,1833,83,5.1365,12.465,59.4,80.1,75.884,4.773,73.502,35.9382,1,89.08,5.9325,5.3935,9.2076,0.3365,52.13331129,27.80873316,11.493,7.5615,6.7595
34.98333333,135.8,1,1,1,1,1,1,1,1,1,1,1,1,1,15.9,1833,83,6.3425,17.1701895,121.6,218,191.865378,5.4185,194.0825,97.80933333,1,115.025,4.6075,5.538,16.032,0.3645,67.6697801,35.96493813,12.86,9.112,8.091
34.98333333,135.8,1,1,1,1,1,1,1,1,1,1,1,1,1,15.9,1833,83,6.6745,12.2838465,48.7,67.1,62.6425,5.6345,62.362,30.10553333,1,82.04,4.8825,5.359,11.3406,0.335,54.49912258,32.95232944,12.1485,6.809,7.4
35.01666667,135.8166667,1,1,1,1,1,1,1,1,1,1,1,1,1,15.9,1833,286,5.6595,17.3951895,77.7,136.5,130.5903337,5.6115,104.613,61.243,1,103.185,3.6925,5.2475,16.3826,0.366,57.21206478,28.34610978,16.4955,8.395,7.8225
35.11666667,137.2166667,1,1,1,1,1,2,1,1,1,1,1,1,1,14.8,1451.4,110,7.4645,10.305,14.05,30.16,29.5,7.19,20.481,15.71,1,73.185,3.7795,4.55,0.4,0.351,38.8,18.01,16.052,6.311,7.4945
35.18333333,137.1166667,1,1,1,1,1,2,1,1,1,1,1,1,1,14.8,1451.4,200,5.1065,12.9288465,19.23,44.07,37.6,3.03,18.524,21.82,1,99.385,3.8865,4.69,0.48,0.302,57.8,28.76,14.82,5.7995,7.6775
35.11666667,137.25,1,1,1,1,1,2,1,1,1,1,1,1,1,14.8,1451.4,160,6.3495,14.1101895,47.19,107.36,93,5.26,92.794,53.58,1,87.665,4.118,4.79,0.31,0.3115,68.58,33.85,14.8025,8.5845,7.504
35.68333333,136.4666667,1,1,1,1,2,2,1,1,1,1,1,1,1,11.3,3244,330,7.2205,12.0551895,11.19,23.31,140.178405,8.742,91.1305,92.3,3,109.965,3.8465,5.271,16.4004,0.306,35.17,14.62412563,14.668,6.439,7.684
35.51666667,136.25,2,2,1,1,1,1,1,1,1,1,1,1,1,15,1600,145,6.117,12,18.804,51.6,40.6,5.9295,49.5945,27.59094833,1,69.895,4.7655,5.37,17.596,0.32,27.8,20.38021413,13.09,6.0005,5.1385
35.51666667,136.25,2,2,1,1,1,1,1,1,1,1,1,1,1,15,1600,145,6.6965,13.2,23.446,63.4,49.2,6.5835,29.642,32.694679,1,77,4.1545,5.1335,10.392,0.338,38.6,20.58416909,14.2225,6.042,4.7295
35.51666667,136.25,2,2,1,1,1,1,1,1,1,1,1,1,1,15,1600,145,6.578,13.3,59.5255,106.6,87.6,6.242,100.4375,54.88800667,1,77.04,5.5755,5.423,13.2546,0.305,35.1,23.47956816,12.028,8.28,5.035
34.93333333,135.75,1,1,1,1,2,1,1,1,1,1,1,1,1,15,1600,16,6.361,13.6,53.9,95.1,76.6,5.8835,77.475,42.256651,1,69.03,4.792,5.3485,14.0226,0.3825,49.90415752,30.80961884,12.5835,8.229,7.6675
34.93333333,135.75,1,1,1,1,2,1,1,2,1,1,1,1,1,15,1600,16,6.578,8.3,30,53.4,40,6.223,21.482,24.96714,1,56.5,5.699,5.1905,14.2473,0.3145,72.86149865,32.44855128,13.0225,6.138,7.6785
34.93333333,135.75,1,1,1,1,2,1,1,2,1,1,1,1,1,15,1600,16,6.309,10.815,14.3985,39,25,6.2975,45.3635,28.38474333,1,87.02,4.7745,5.2185,10.7089,0.3155,56.85687607,31.40425222,11.531,6.776,7.2965
34.95,135.3166667,1,1,1,1,1,1,2,1,1,1,1,1,1,17.5,1340,220,6.827,13.445,60.392,110.3201516,104.0680443,4.4025,92.5465,57.56079967,1,110.585,3.7,5.153,9.0669,0.341,64.42622231,26.26832813,16.2775,8.6495,7.123
34.8,135.7666667,1,1,1,1,1,1,2,1,1,1,1,1,1,17.5,1340,75,6.064,12.96,49.237,100.3022511,86.70735745,4.557,61.853,48.61908433,1,91.175,5.8615,5.133,24.6904,0.2925,55.34244085,32.11898888,12.55,7.9565,7.6555
34.83333333,135.4333333,1,1,1,1,1,1,2,1,1,1,1,1,1,17.5,1340,185,5.6045,14.4051895,60.3745,145.3789181,102.8989665,3.8885,122.479,63.75314533,1,82.555,4.872,5.41,16.8652,0.2775,45.29468548,28.68932944,12.6235,8.7415,7.24
34.98333333,135.6,1,1,1,1,1,1,2,1,1,1,1,1,1,15,1600,157,6.28,15.0751895,65.883,127.2355892,114.7702354,6.3865,58.191,59.97152633,1,82.88,3.903,5.196,13.8141,0.2955,56.21356155,32.98752131,14.494,8.752,7.282
34.8,135.8166667,1,1,1,1,1,2,2,1,1,1,1,1,1,15.8,1581,220,5.586,12.85,26.743,39.4,63.95619006,5.5455,28.9195,29.80100567,1,80.655,4.111,5.372,13.6477,0.398,45.18681129,23.13646941,15.0815,6.028,7.036
34.8,135.8166667,1,1,1,1,1,2,2,1,1,1,1,1,1,15.8,1581,220,6.6505,12.8901895,30.833,38.6,64.0755,5.0785,49.1205,35.59055567,1,87.26,3.8145,5.272,12.2611,0.3385,52.16781129,21.10575756,15.006,6.0735,7.61
35.73333333,140.15,1,1,1,1,1,1,1,1,1,1,1,1,1,15.3,1524,84,6.8265,14.9151895,51.754,96.639289,88.229,6.1665,102.8275,50.11206067,1,119.675,5.0085,5.71,9.8355,0.399,60.57231129,36.92409628,11.695,7.825,7.333
35.73333333,140.15,1,1,1,1,1,1,1,1,1,1,1,1,1,15.3,1524,84,6.7015,14.80379,76.461,275.7,169.1064471,5.8365,244.072,130.9749558,1,142.68,5.1245,5.14,18.3805,0.3625,65.24335187,33.95076663,12.2405,8.7565,6.957
35.73333333,140.15,1,1,1,1,1,1,1,1,1,1,1,1,1,15.3,1524,84,6.091,13.17693,89.175,214.7656,171.6352797,5.5175,373.42,102.0137,1,181.3,7.81,6.15,7.312,0.3215,149.4,74.7,11.2685,8.8795,7.352
34.5,135.7166667,1,1,1,1,1,1,1,1,1,1,1,1,1,15.3,1581,152,6.0675,14.7138465,62.362,117.6588001,91.10983369,5.96,100.8255,57.112663,1,91.155,4.3755,5.3755,17.176,0.2995,51.38809274,33.87331503,13.941,8.1985,6.9925
35.68333333,136.4666667,1,1,1,1,1,1,2,1,1,1,1,1,1,11.6,2570.5,330,5.2615,10.675,22.75,23.31,44.865,7.4475,33.04,39.70363,3,60.225,3.9165,5.2385,9.61,0.3815,44.926,27.44343038,14.3565,5.808,7.224
34.55,134.95,2,2,1,1,2,1,1,1,1,1,1,1,1,15.9,1167,250,6.0825,11,23.0025,58.103289,44.019,5.259,28.776,29.15,1,86.61,5.0215,5.3345,11.2344,0.3585,35.13959274,16.5,9.5,5.54,3.96
33.61666667,130.5166667,1,1,1,1,1,2,2,1,1,1,1,1,1,16,1906,246,5.723,15,13.1,80.95008915,72.56473434,5.668,56.3705,41.412506,1,74.535,5.026,5.3645,7.7128,0.3375,55.24575214,27.85996941,13.028,6.801,7.0745
35.7148584,140.3309025,2,2,1,1,1,2,1,1,1,1,1,1,1,15.3,1524,35,6.1435,16.134415,71.1175,115.7,90.3475,6.4145,138.069,57.8,1,148.1,13.99,6.7,38.5,0.83,64.46443386,34.06393944,12.1665,8.5735,5.204
34.9,135.7666667,1,1,1,1,1,1,1,1,2,1,2,1,2,15.3,1459,270,7.29,18.905,52.9,313.365,122.0937733,1.882,7.515,68.645,1,84.825,5.6695,5.414,29.89,0.338,8.897284797,15.395,8.237934019,6.181343592,1.723528202
35.48333333,133.0833333,1,1,1,1,1,1,1,1,2,2,1,1,3,14.9,1825,30,15.6,12.4,34.705,203.075,141,3.175,9.48,72.415,1,70.835,5.7635,5.5,30.16,0.336,28.33351178,14.28,9.189347513,7.142789306,2.026130387
33.2,130.6,1,1,1,1,1,1,2,1,2,1,2,1,2,15,2108,43.9,23.4535,22.245,55.21,256.41,130.0556986,3.392,1.26,60.995,3,69.89,5.3415,5.3595,30.79,0.368,18.84411242,14.465,7.564640766,5.254042613,1.179405916
33.2,130.6,1,1,1,1,1,2,2,1,2,1,2,1,2,15,2108,43.9,20.8185,18.735,54.735,257.27,128.9466838,3.221,7.4775,63.3,3,67.745,5.9895,5.3565,31.22,0.3325,18.23697323,16.67,9.6005,8.476768,1.723427429
33.61666667,130.5333333,1,1,1,1,1,1,2,1,2,1,2,1,2,16.6,1632,115.2,22.8985,21.145,58.945,329.425,123.9574694,3.0545,4.885,58.935,1,72.38,5.944,5.3205,30.235,0.347,9.263913276,11.3,10.35238636,7.540325306,1.892499732
33.61666667,130.5333333,1,1,1,1,1,2,2,1,2,1,2,1,2,16.6,1632,115.2,20.5525,18.705,41.885,257.94,114.2395621,2.8805,1.37,62.625,1,75.79,5.4035,5.23,29.98,0.3705,18.37734475,16.53,9.817934019,8.177825306,2.116325815
33.61666667,130.5333333,1,1,1,1,1,1,1,1,2,2,1,1,3,15.9,1833,211,35,24.8,65.71,368.5,121.3698004,4.42,3.115,58.425,1,84.67,7.26,5.42,38.4,0.43,8.74,13.45,10.76,10.65,0.11
33.61666667,130.5333333,1,1,1,1,1,1,1,1,2,2,1,1,3,15.9,1833,226,33.6,22.9,67.555,517.3,110.9817032,4.53,9.3725,56.75,1,84.135,3.62,5.6,34.3,0.27,1.63,10.86,11.91,11.74,0.17
33.61666667,130.5333333,1,1,1,1,1,1,1,1,2,2,1,1,3,15.9,1833,236,33.9,23.1,56.57,413.8,120.0796137,3.71,2.79,59.285,1,81.64,6.87,5.45,32.1,0.4,2.48,9.845,9.94,9.79,0.15
33.61666667,130.5333333,1,1,1,1,1,1,1,1,2,2,1,1,3,15.9,1833,248,37.6,24.2,62.41,358.9,120.8137766,3.39,6.7925,65.655,1,88.045,5,5.53,25.2,0.33,1.24,11.875,9.91,9.69,0.22
33.61666667,130.5333333,1,1,1,1,1,1,1,1,2,2,1,1,3,15.9,1833,274,30.2,22.9,59.94,389.7,125.6249517,3.96,5.396,59.48,1,88.845,5.6,5.36,23.5,0.35,2.52,10.82,10.24,10.1,0.14
34.9,135.7666667,1,1,1,1,1,1,1,1,2,1,2,1,2,15.3,1459,270,7.29,16.775,52.9,230.22,124.4970573,2.6165,1.757,66.035,1,80.505,5.8045,5.413,32.405,0.3615,33.49605996,16.955,7.901508805,6.176433878,2.535862387
35.43333333,136.8,1,1,1,1,1,2,1,2,2,2,1,1,3,16.8,1759.1,10,20.738,15.245,34.65,83.5,69.2,2.873,5.75,40.5,1,54.9,5.4105,5.343,29.615,0.3445,66.2,41,9.987706747,7.851090286,2.222028202
35.43333333,136.8,2,1,1,1,1,1,1,2,2,2,1,1,3,16.8,1759.1,10,19.8545,15.045,30.915,28.5,24.3,3.1245,4.37,14,1,63.8,6.177,5.2305,32.65,0.359,53.4,27.1,9.976320383,8.141768,2.198804875
33.63333333,130.55,1,1,1,1,1,1,1,1,2,2,1,1,3,17.3,1640,220,29.25,20.77,98.9,338.84,120.438725,3.5825,2.8715,65.79,1,79.675,5.5215,5.41,30.335,0.3575,10.18867987,13.095,9.364434019,7.871180571,1.267304303
35.48333333,133.0833333,1,1,1,1,1,1,1,1,2,1,2,1,2,14.9,1825,30,13.3,12.6,6.6,12.1,10.6,0.42,1.8305,37.145,1,77.62,5.739,4.1,29.44,0.358,37.36380728,18.985,10.126,7.603090286,2.181630387
36.13333333,137.3666667,1,1,1,1,1,1,1,1,2,2,1,1,3,10.6,1734,560,23.53,16.42,32.63,154.865,124.7898583,3.6555,6.0275,156.3,2,118.55,5.3095,5.337,29.05,0.3495,42.30164882,45.2,7.9,3.1,4.8
36.13333333,137.4166667,1,1,1,1,1,1,1,1,2,1,2,2,2,10.6,1734,1420,22.444,16.92,31.86,212.44,117.6394334,3.02,5.8125,63.7,2,194.55,5.656,5.3355,29.465,0.35,30.05129336,14.8,3.16,1.23,0.25
36.13333333,137.4166667,1,1,1,1,1,1,1,1,2,1,2,1,2,10.6,1734,1420,16.5875,14.135,24.27,188.89,125.8110753,2.663,1.875,63.5,2,204.22,5.094,5.3385,30.66,0.3765,30.38128587,14.7,6.5,3.4,2
32.05,131.2,1,1,1,1,1,1,1,1,2,1,2,1,2,14.2,3070,520,22.514,19.2,42.315,279.035,119.5291661,3.641,2.0135,66.965,3,102.19,5.8185,5.194,30.65,0.3585,14.62696146,18.4,16.96,11.29536,5.66464
34.96666667,135.9333333,1,1,1,1,1,1,1,1,2,2,1,1,3,15.1,1530,130,24.9,20.6,52,251.15,121.3122859,2.921,6.3195,60.915,1,72.925,6.251,5.2095,31.16,0.3535,23.04359957,17.53,14.5,11.5,3
34.96666667,135.9333333,1,1,1,1,1,1,1,1,2,2,1,1,3,15.1,1530,130,27.8,19.7,32.2,223.91,122.3642176,3.3625,5.617,60.155,1,82.155,5.9785,5.336,32.755,0.352,30.37249251,15.31,9.8,8,1.8
34.96666667,135.9333333,1,1,1,1,1,1,1,1,2,1,2,1,2,15.1,1530,130,22,17.8,15.6,131.595,118.7926594,2.155,1.494,62.825,1,75.57,5.336,5.055,29.45,0.3575,32.88486938,19.09,9.8,8,1.8
34.96666667,135.9333333,1,1,1,1,1,1,1,1,2,1,2,1,2,15.1,1530,130,21,15.9,8.6,137.405,119.3436446,2.1825,1.195,74.09,1,76.755,5.958,4.7865,32.67,0.3675,31.9377955,18.935,9.5,8,1.5
42.73333333,141.5166667,1,1,1,1,1,1,1,1,2,2,1,1,3,7.5,1228,126,19.6,15,20.16,3.3,50.19530586,3.444,1.275,49.12,2,78.6,5.656,5.045,30.815,0.3715,47.26781585,27.03,8.713961149,6.78977747,2.399862387
42.73333333,141.5166667,1,1,1,1,1,1,1,1,2,2,1,2,3,7.5,1132,125,18,13.8,18.34,2.2,58.55069543,3.3245,2.491,40.745,2,61.1,5.956,4.9965,29.525,0.357,44.01134904,18.61,9.899913494,8.181701878,1.701340875
42.73333333,141.5166667,1,1,1,1,1,1,1,1,2,1,2,1,2,7.5,1132,125,16.4405,15.455,17.515,127.735,120.0562138,2.6075,8.495,65.955,2,80.785,5.9065,5.277,30.465,0.3405,31.41492505,14.26,8.041868039,6.693407511,0.853963429
42.73333333,141.5166667,1,1,1,1,1,1,1,1,2,2,1,2,3,7.5,1132,125,22.5645,16.105,19.075,156.875,119.6997102,3.3245,1.4835,65.675,2,91.08,5.4845,5.2005,30.52,0.366,29.12353854,13.355,9.372868039,6.684187184,1.700122286
42.73333333,141.5166667,1,1,1,1,1,1,1,1,2,1,2,1,2,7.5,1132,125,17.318,15.76,20.205,162.43,121.9879588,2.082,6.696,61.16,2,78.74,5.99,5.3525,32.235,0.344,30.13470985,17.355,9.748045455,7.728680571,1.712637916
42.98333333,141.3833333,1,1,1,1,1,1,1,2,2,1,2,2,2,7.2,1072,180,16.4365,14.78,18.775,190,125.2772376,2.043,5.825,72.12,2,79.365,5.946,4.919,29.935,0.3475,27.96306638,16.56,9.334886364,8.134665878,1.845767732
35.45,138.75,1,1,1,1,1,1,1,1,2,2,1,2,3,7.5,1813,1030,30,20,25.53,244.805,126.7181262,3.134,6.006,72.01,2,160.86,5.631,5.374,30.44,0.353,32.38698929,14.11,8.129188422,6.39500947,2.188593815
34.96666667,135.9833333,1,1,1,1,1,1,1,1,2,2,1,2,3,14,1645,255,19.245,13.9,43,224.25,121.6170895,3.294,5.897,62.495,1,79.19,5.5905,5.195,32.095,0.355,32.04901499,16.855,9.859934019,7.083922205,2.084565345
42.68333333,141.5666667,1,1,1,1,1,1,1,1,2,1,2,2,2,7.4,1450,79,18.018,13,19.58,141.565,118.4054411,2.781,8.4375,65.05,2,67.875,5.209,5.21,30.185,0.331,27.17770236,17.855,9.193159091,6.756353225,1.820775261
40,140.9333333,1,1,1,1,1,1,1,1,2,1,2,2,2,5.9,1167,825,18.939,14.105,27.32,140,118.8312943,1.6835,6.5325,71.475,2,168.09,6.1715,4.9855,29.435,0.35,32.63489079,15.28,10.0565,8.431400898,2.217057244
35.43333333,138.7666667,1,1,1,1,1,1,1,1,2,2,1,1,3,9.7,2025,1200,23.3,15.045,42.5,215.315,124.2156471,3.432,8.2125,71.325,2,154.87,5.6115,5.4115,31.2,0.339,29.44974946,14.925,7.3,3.157170451,1.598695429
39.1,140.85,1,1,1,1,1,1,1,1,2,1,2,1,2,8.8,2000,691,21.079,17.63,38.6,274.2,125.5204443,2.7365,6.742,68.525,2,176.98,5.326,4.9835,28.49,0.3525,8.790916488,11.775,9.45859311,7.04500947,1.441369345
39.1,140.85,1,1,1,1,1,1,1,1,2,1,2,1,2,8.8,2000,691,15.8615,14.24,26.6,191.5,128.578783,2.949,5.481,62.495,2,204.22,5.8305,5.256,32.815,0.3535,32.38922912,16.455,8.733368039,6.446864898,1.727398387
39.1,140.85,1,1,1,1,1,1,1,1,2,1,2,1,2,8.8,2000,691,20.6435,17.805,36.6,276.7,115.6316484,3.3865,5.105,64.215,2,158.72,5.2035,5.2805,34.665,0.348,11.031803,13.59,9.342302058,7.996879592,1.374963429
44,142,1,1,1,1,1,1,1,1,2,2,1,2,3,7,1297,489,21.2145,16.55,19.5,129.765,122.8589826,3.497,1.3085,63.6,2,69.72,5.601,4.913,30.935,0.369,30.83511777,14.4,9.866272727,7.820175511,1.829666387
44,142,1,1,1,1,1,1,1,1,2,2,1,2,3,7,1297,489,20.559,16.56,18.6,113.135,116.6773986,3.18,6.3085,60.4,2,72.27,5.391,5.351,28.355,0.3455,29.76445396,13.9,9.337,6.800289306,1.658130387
44,142,1,1,1,1,1,1,1,1,2,2,1,2,3,7,1297,489,20.5535,15.73,20.1,117.555,124.0180296,2.806,5.8525,64.2,2,80.41,5.661,5.495,29.47,0.345,31.90578158,14.9,9.461886364,8.011900898,2.045499732
44,142,1,1,1,1,1,1,1,1,2,2,1,2,3,7,1297,489,21.5495,15.58,19.7,116.26,127.6883451,3.117,2.2805,66.1,2,109.27,5.4335,5.407,30.31,0.358,28.26552463,13.2,9.881659091,8.060180571,1.301890857
44,142,1,1,1,1,1,1,1,1,2,1,2,2,2,7,1297,489,16.947,15.625,19.5,117.165,116.8705731,2.6075,8.7525,60.5,2,74.965,5.35,5.303,32.88,0.342,31.90578158,14.9,9.282254403,7.592611592,2.53023116
44,142,1,1,1,1,1,1,1,1,2,1,2,2,2,7,1297,489,17.3685,13.87,19.9,120.865,119.5750161,2.275,4.375,61.9,2,88.69,5.9985,5.317,29.21,0.356,31.2633833,14.6,8.635820383,6.356443511,1.959869345
44,142,1,1,1,1,1,1,1,1,2,1,2,2,2,7,1297,489,17.803,14.84,20.8,130.955,123.4385061,2.299,1.6025,63.9,2,60.34,5.195,5.4575,29.985,0.359,32.11991435,15,9.882574786,7.294756163,1.614898387
44,142,1,1,1,1,1,1,1,1,2,1,2,2,2,7,1297,489,19.208,14.925,18.3,125.82,107.598197,2.5865,7.6075,55.7,2,81.97,5.502,5.151,29.01,0.3435,28.47965739,13.3,9.398934019,7.305611592,1.254898387
44,142,1,1,1,1,1,1,1,1,2,2,2,2,2,7,1297,489,18.258,14.525,17.1,132.45,110.3026401,2.969,0.985,57.1,2,98.435,5.702,5.0625,32.285,0.3735,39.1862955,18.3,9.401386364,7.750590286,2.042137916
44,142,1,1,1,1,1,1,1,1,2,2,2,2,2,7,1297,489,19.8125,15.17,17.9,147.475,116.4842241,2.8655,6.81,60.3,2,91.01,5.3975,5.326,31.66,0.3475,29.12205567,13.6,8.829386364,6.533132898,1.166202958
44,142,1,1,1,1,1,1,1,1,2,2,2,2,2,7,1297,489,17.648,15.805,19.4,141.695,123.6316806,2.6825,6.1075,64,2,82.07,5.711,5.037,29.775,0.344,37.04496788,17.3,9.438868039,6.519621062,1.755369345
44,142,1,1,1,1,1,1,1,1,2,2,2,2,2,7,1297,489,17.622,15.81,17.5,127.58,115.3251771,1.909,2.618,59.7,2,69.86,5.8625,5.25,28.72,0.3585,28.69379015,13.4,10.355,8.176912571,1.363732
44,142,1,1,1,1,1,1,1,1,2,2,2,2,2,7,1297,489,18.868,15.4,20.3,123.085,131.3586607,2.6655,1.905,68,2,78.45,5.995,5.371,29.31,0.372,17.77301927,8.3,8.131688422,6.246542613,1.635861815
44,142,1,1,1,1,1,1,1,1,2,2,2,2,2,7,1297,489,16.938,15.635,10.2,85.555,64.71345782,1.9895,4.465,33.5,2,85.72,5.9315,5.2745,29.56,0.3545,16.4882227,7.7,10.1587544,8.075858286,1.280398387
44,142.18,1,1,1,1,1,1,1,1,2,2,1,1,3,5.7,1253,240,22.2185,18.76,19.515,293.4,119.0042885,3.134,1.8675,67.255,2,81.5,5.0675,5.4165,30.235,0.3605,9.702520343,16.115,11.49772727,7.996445714,3.569268571
43,141.85,1,1,1,1,1,1,1,1,2,2,1,1,3,7,1152,90,21.7945,16.675,19.555,239.5,121.722566,3.165,1.8,65.12,2,11.6,5.7725,5.21,28.99,0.3675,28.35697216,19.26,3.68868039,2.840426127,3.014059164
43,141.39,1,1,1,1,1,1,1,1,2,2,1,1,3,6.9,1099,170,21.8895,15.195,20.365,9.7,50.03100773,3.153,6.246,39.27,2,72,5.8235,4.7705,30.51,0.3515,36.25058458,19.11,11.209,8.494433878,2.200296774
43,141.85,1,1,1,1,1,1,1,1,2,2,1,1,3,6.9,1153,90,20.5595,15.49,18.26,105.7,117.2472634,3.232,0.6,61.03,2,134.5,5.541,5.328,28.555,0.361,32.01199251,15.725,8.967820383,6.817165878,1.106
43,141.87,1,1,1,1,1,1,1,1,2,2,1,1,3,7,1154,70,25.91,16.94,21.335,279.4,122.0299066,3.372,3.7,59.93,2,87.2,5.773,5.4655,31.815,0.3495,11.6802152,12.99,8.452434019,7.269810613,1.095572303
43,141.86,1,1,1,1,1,1,1,1,2,2,1,1,3,7,1176,80,24.0445,16.07,20.065,163.7,119.978944,3.4855,5.8,61.74,2,67.765,5.508,5.188,28.315,0.382,35.31543897,14.74,9.808,8.284036,1.785796202
44,141.62,1,1,1,1,1,1,1,1,2,2,1,1,3,3,993,270,20.939,14.995,19.86,145.8,113.4493851,2.749,7.7,63.815,2,78.2,5.8605,5.3705,29.34,0.354,29.74953533,18.705,8.966320383,7.127864898,2.076695429
45,142.59,1,1,1,1,1,1,1,1,2,1,2,1,2,4.9,1350,330,14.936,15.22,17.61,70.7,55.43087894,2.6285,0.1,48.91,2,69,6.0675,5.072,29.79,0.3815,38.19269807,19.28,9.042434019,7.373734857,2.044658857
44,142.7,1,1,1,1,1,1,1,1,2,1,2,1,2,4.3,1161,300,16.0265,14.48,18.01,24.5,58.61195428,3.1275,6.662,47.42,2,101.4,5.6205,4.934,30.935,0.352,47.92256959,18.01,9.081688422,8.144187184,1.702666387
39,140.27,1,1,1,1,1,1,1,1,2,2,1,1,3,10,1921,60,24.2,16.39,30.415,165.3,117.6915647,3.6605,5.5475,62.18,2,49.1,6.149,5.2005,30.555,0.348,27.47922056,16.145,9.555754403,7.679723184,1.786890857
40,140.78,1,1,1,1,1,1,1,1,2,1,2,1,2,8.4,1502,270,18.3585,15.075,35.19,219.5,122.8702157,2.6455,2.57,74.3,2,84.79,5.6805,5.065,28.77,0.3775,35.32929336,18.895,8.656188422,6.559966857,1.471934958
39,140.9,1,1,1,1,1,1,1,1,2,2,1,1,3,10.6,1360,70,25.5945,16.685,32.73,350.8,117.3593303,3.718,7.1875,61.94,2,91,5.4685,5.1385,29.48,0.346,10.1252152,14.305,9.053368039,6.627180571,1.333035732
38,140.1,1,1,1,1,1,1,1,1,2,1,2,1,2,8.8,2255,390,17.178,16.025,27.84,45.2,62.89645203,3.135,5.58,54.275,3,38.8,5.744,4.5855,30.155,0.3545,38.63490792,17.915,9.379754403,7.933,1.843898387
39,139.97,1,1,1,1,1,1,1,1,2,2,1,1,3,11.2,2224,70,21.225,17.88,34.94,276.3,122.7396008,3.191,2.2435,66.725,3,63.9,5.2975,5.2775,30.655,0.3575,5.804,14.64,9.539206747,7.532590286,1.432427429
36,140.34,1,1,1,1,1,1,1,1,2,2,1,1,3,12.9,1243,30,25.675,15.47,35.74,181.7,128.2126207,3.607,1.502,66.86,1,100.2,5.926,5.422,32.405,0.367,31.99931049,16.17,8.909434019,7.134611592,1.629390857
37,136.91,1,1,1,1,1,1,1,1,2,2,1,1,3,12.3,2344,159,22.1595,16.595,41.935,429.4,130.3858339,3.271,1.3,67.57,3,74.2,5.38,5.2715,30.065,0.3655,16.35178908,16,8.469688422,6.827879592,1.598463429
35,134.49,1,1,1,1,1,1,1,1,2,2,1,1,3,11.9,1518,380,19.3485,15.82,33.175,144.1,124.0250805,3.246,0.5,68.815,1,51.4,5.1435,5.505,30.7,0.3595,30.50501927,16.705,9.710934019,7.636590286,1.695137916
36,136.27,1,1,1,1,1,1,1,1,2,2,1,1,3,13.6,2279,40,25.48,16,30.25,128.8,112.1810238,3.2925,0.5,63.425,3,60.2,5.5185,5.114,32.79,0.371,31.00642398,17.215,10.10788636,7.908223184,1.579129815
36,136.13,1,1,1,1,1,1,1,1,2,2,1,1,3,12.6,2326,280,21.499,14.3,26.31,85.2,77.22575338,3.1865,1.2,47.695,3,90.7,5.852,5.067,29.92,0.3575,33.15269807,17.785,8.733820383,6.646042613,2.081898387
34,133.55,1,1,1,1,1,1,1,1,2,2,1,1,3,12.9,3009,410,20.979,16.89,42.525,170.8,125.8778171,3.7835,8,72.35,3,57.4,5.317,5.403,30.99,0.3425,31.07721734,15.315,9.293320383,7.736132898,1.900130387
34,133.56,1,1,1,1,1,1,1,1,2,2,1,1,3,12.9,2991,420,28.705,22.63,54.545,348.4,108.3185029,3.81,11.5,65.855,3,87.56,5.6155,5.449,30.535,0.34,10.00950428,11.09,8.950434019,6.592343592,1.111702958
33,130.81,1,1,1,1,1,1,1,1,2,2,1,1,3,12.3,2781,510,24.3795,17.14,43.275,218.7,123.6642305,3.9,1.432,64.93,3,84.6,5.7635,5.279,30.18,0.3615,31.85224839,14.865,8.762961149,7.107111592,1.554195429
33,130.74,1,1,1,1,1,1,1,1,2,1,2,1,2,15.7,1967,80,24.609,22.045,64.355,319.74,125.5388925,3.74,7.0795,72.015,1,53.3,6.034,5.1885,29.955,0.352,4.550276231,13.045,8.245622442,6.1895,1.231166958
33,131.28,1,1,1,1,1,1,1,1,2,2,1,1,3,11.7,2390,670,19.949,17.145,43.205,227.6,120.1086896,3.587,5.283,66.745,3,278,5.6505,5.1365,28.91,0.3505,33.05304069,13.945,9.413820383,6.812078613,2.288057815
32,131.07,1,1,1,1,1,1,1,1,2,2,1,1,3,15.6,2623,170,23.6095,16.495,48.965,151,112.3771668,3.6945,1.5,65.66,3,99.4,5.193,5.1885,31.685,0.368,31.29550321,16.42,9.106368039,7.675310613,1.399898387
33,130.26,1,1,1,1,1,1,1,1,2,2,1,1,3,15.5,1993,10,25.9545,18.375,47.75,77,74.11006117,3.7745,0.7,54.24,1,68.145,6.004,5.4395,28.025,0.358,42.17646681,17.73,9.561320383,7.941578613,1.704833345
